British Expeditionary Force,4
French Armies,3
Belgian Army,3
Air Force,3
Royal Air Force,3
British Armies,2
King Leopold,2
French Army,2
French High Command,1
French Generalissimo,1
General Weygand,1
General Gamelin,1
Rifle Brigade,1
Queen Victoria,1
British Brigadier,1
street fighting,1
Graveline water line,1
neighboring beach,1
French First Army,1
British Expeditionary Force north,1
Abbeville gap,1
British Army,1
German Command,1
First French Army,1
sand dune,1
U - boat,1
motor launch,1
Royal Navy,1
merchant seaman,1
artillery fire,1
hospital ship,1
Nazi bomb,1
home basis,1
fighter strength,1
German Air Force,1
Air Forces,1
time being,1
Round Table,1
Sir Andrew Duncan,1
opening day,1
week day,1
mining district,1
Channel port,1
Herr Hitler,1
Grand Army,1
home defence,1
Lord Gort,1
enemy alien,1
United Kingdom,1
Nazi Germany,1
fighting attendant,1
Fifth Column activity,1
enemy display,1
sea power,1
air power,1
Island home,1
British Empire,1
French Republic,1
Nazi rule,1
landing ground,1
British Fleet,1
New World,1
